BAS_DD,KOSPI200,VKOSPI200
20250307,338.42,21.97
20250306,340.31,21.27
20250305,337.08,22.17
20250304,334.02,23.47
20250228,334.27,22.86
20250227,346.45,19.32
20250226,349.31,19.93
20250225,347.54,19.6
20250224,349.9,19.48
20250221,351.92,18.64
20250220,352.15,18.64
20250219,354.53,18.49
20250218,347.84,17.88
20250217,345.11,18.06
20250214,342.76,17.7
20250213,341.06,18.03
20250212,337.23,18.8
20250211,336.67,19.28
20250210,334.5,19.95
20250207,333.89,19.29
20250206,336.53,19.12
20250205,332.47,20.06
20250204,328.72,20.91
20250203,324.55,22.08
20250131,333.36,18.79
20250124,336.74,17.96
20250123,334.5,17.79
20250122,338.76,17.67
20250121,334.44,18.3
20250120,333.94,18.45
20250117,335.09,17.68
20250116,335.73,18.14
20250115,330.97,19.26
20250114,330.74,19.25
20250113,330.31,20.49
20250110,334.55,19.92
20250109,335.4,19.9
20250108,334.95,20.2
20250107,330.89,20.24
20250106,331.52,20.71
20250103,324,20.31
20250102,317.77,20.7
20241230,317.82,21.14
20241227,319.03,20.88
20241226,321.45,20.49
20241224,323.39,20.02
20241223,322.98,20.07
20241220,318.33,21.45
20241219,322.38,20.3
20241218,329.72,17.96
20241217,325.25,18.36
20241216,329.61,18.88
20241213,330.49,19.49
20241212,329.04,19.91
20241211,323.86,20.6
20241210,320.79,21.62
20241209,313.74,23.45
20241206,322.07,22
20241205,323.87,20.73
20241204,326.59,21.34
20241203,331.44,19.07
20241202,325.34,19.94
20241129,325.45,19.34
20241128,331.45,17.72
20241127,332.32,18.2
20241126,335.6,18.5
20241125,336.63,18.59
20241122,332.36,18.91
20241121,329.49,19.46
20241120,329.02,19.93
20241119,328.11,20.01
20241118,328.44,21.09
20241115,320.53,21.74
20241114,317.7,23.41
20241113,318.84,24.86
20241112,327.31,21.62
20241111,334.64,19.82
20241108,339.71,19.03
20241107,340.87,19.77
20241106,340.61,20.72
20241105,341.47,22.52
20241104,343.6,22.83
20241101,337.49,22.95
20241031,339.32,22.65
20241030,345,21.55
20241029,348.28,21.44
20241028,347.27,21.92
20241025,343.37,22.12
20241024,342.88,22.09
20241023,346.27,21.54
20241022,342.09,21.7
20241021,346.62,20.9
20241018,345.42,20.75
20241017,347.73,21.09
20241016,347.26,21.65
20241015,351.07,21.24
20241014,349.74,21.81
20241011,345.45,21.99
20241010,345.21,23.27
20241008,344.23,25.62
20241007,347.34,25.41
20241004,341.74,25.84
20241002,340.72,25.89
20240930,344.76,25.44
20240927,353.93,25.4
20240926,356.44,25.63
20240925,344.56,23.91
20240924,349.61,22.26
20240923,345.78,21.49
20240920,344.67,21
20240919,343.28,22.16
20240913,343.69,21.68
20240912,343.85,21.73
20240911,335.65,24.06
20240910,338.48,23.84
20240909,340.18,25.61
20240906,342.37,26.81
20240905,345.92,25.5
20240904,346.66,26.04
20240903,358.8,19.73
20240902,362.09,19.34
20240830,361.55,18.81
20240829,360.1,19.8
20240828,365.28,19.38
20240827,364.56,19.76
20240826,366.31,20.96
20240823,367.91,21.28
20240822,369.1,21.16
20240821,368.22,21.18
20240820,368.99,21.03
20240819,365.52,23.22
20240816,369.11,19.9
20240814,360.39,22.1
20240813,357.02,23.64
20240812,355.61,24.49
20240809,351.52,26.53
20240808,346.7,29.02
20240807,349.09,30.17
20240806,341.73,43.08
20240805,331.86,45.86
20240802,365.17,21.77
20240801,380.54,17.12
20240731,380.49,17.51
20240730,374.87,17.78
20240729,378.73,17.51
20240726,374.2,17.98
20240725,371.26,18.77
20240724,378.66,17.42
20240723,381.65,17.47
20240722,379.84,18.39
20240719,383.89,17.27
20240718,389,16.79
20240717,391.55,16.53
20240716,395.31,16.34
20240715,393.84,16.47
20240712,392.29,16.44
20240711,398.52,16.12
20240710,395.6,16.08
20240709,395.79,16.28
20240708,394.47,16.81
20240705,395.47,16.72
20240704,388.53,16.36
20240703,383.23,15.55
20240702,381.2,15.88
20240701,384.34,16.05
20240628,384.02,16.1
20240627,382.27,16.57
20240626,383.01,16.74
20240625,379.85,16.98
20240624,378.39,17.02
20240621,380.88,16.52
20240620,384.78,16.56
20240619,383.01,16.33
20240618,377.73,16.34
20240617,373.86,16.71
20240614,376,16.03
20240613,374.75,16.52
20240612,371.12,17.4
20240611,367.71,17.16
20240610,367.46,17.17
20240607,371.39,16.64
20240605,366.44,16.56
20240604,362.52,16.64
20240603,365.48,16.69
20240531,358.21,16.9
20240530,358.7,16.82
20240529,364.96,15.66
20240528,371.33,15.07
20240527,371.16,15.21
20240524,366.08,15.43
20240523,371.62,15.22
20240522,371.41,15.71
20240521,371.55,15.85
20240520,373.68,15.95
20240517,370.58,15.98
20240516,374.6,15.98
20240514,371.04,16.73
20240513,370.99,16.6
20240510,371.08,16.29
20240509,368.83,16.49
20240508,374.09,16.46
20240507,372.8,17.21
20240503,363.58,17.51
20240502,364.31,17.88
20240430,365.13,18.14
20240429,364.48,18.13
20240426,361.02,18.32
20240425,356.51,18.82
20240424,363.6,18.02
20240423,355.98,18.93
20240422,356.89,19.8
20240419,352.58,21.22
20240418,359.06,19.42
20240417,352.79,20.02
20240416,356.67,19.95
20240415,365.31,18.45
20240412,367.25,17.59
20240411,370.72,18.03
20240409,370.27,18.09
20240408,372.51,18.16
20240405,371.57,18.12
20240404,375.61,17.2
20240403,369.72,17.63
20240402,376.34,17.1
20240401,374.28,17.13
20240329,374.63,16.84
20240328,373.22,16.88
20240327,374.08,17.14
20240326,374.6,17.34
20240325,370.73,17.35
20240322,372.65,17.13
20240321,373.66,17.53
20240320,363.32,16.92
20240319,357.33,16.78
20240318,361.31,17.12
20240315,359.39,16.83
20240314,366.68,16.51
20240313,363.04,16.93
20240312,361.11,17.8
20240311,358.34,18.05
20240308,361.71,17.25
20240307,356.82,17.25
20240306,356.25,17.25
20240305,357.59,17.13
20240304,361.1,17.33
20240229,355.57,16.77
20240228,356.79,16.83
20240227,352.76,17.16
20240226,355.48,17.94
20240223,358.57,18.31
20240222,357.67,18.22
20240221,356.04,18.5
20240220,356.92,18.09
20240219,360.88,18.02
20240216,355.52,17.41
20240215,351.21,17.79
20240214,352.69,17.98
20240213,357.38,18.02
20240208,353.29,17.24
20240207,352.25,17.62
20240206,347.8,17.59
20240205,349.15,18.06
20240202,353.43,17.79
20240201,342.41,16.79
20240131,336.24,17.02
20240130,337.48,17.11
20240129,337.84,17.27
20240126,334.21,16.96
20240125,333.8,16.92
20240124,333.27,17.07
20240123,334.97,17.39
20240122,332.63,18.01
20240119,332.99,17.64
20240118,327.13,18.32
20240117,326.11,19.31
20240116,334.73,17.18
20240115,339.24,16.84
20240112,338.22,16.77
20240111,340.28,17.14
20240110,340.66,16.79
20240109,343.81,17.42
20240108,345.58,17.77
20240105,347.22,17.8
20240104,348.07,18.2
20240103,351.2,18.28
20240102,360.55,18.61
20231228,357.99,17.78
20231227,352.46,16.55
20231226,350.43,16.25
20231222,349.15,14.97
20231221,348.78,14.93
20231220,350.11,14.78
20231219,343.95,13.85
20231218,343.5,14.27
20231215,343.99,13.98
20231214,341.33,14.11
20231213,336.68,14.3
20231212,339.77,14.45
20231211,337.93,14.59
20231208,336.6,14.76
20231207,332.67,16.85
20231206,333.45,14.56
20231205,332.85,14.84
20231204,336.14,14.61
20231201,334.8,14.5
20231130,338.43,14.46
20231129,336.62,14.6
20231128,337.52,15.35
20231127,333.67,15.2
20231124,334,15.04
20231123,336.91,15.13
20231122,336.81,15.88
20231121,336.57,16.18
20231120,334.23,16.68
20231117,332.06,16.55
20231116,334.31,16.98
20231115,333.96,17.24
20231114,326.57,17.35
20231113,323.31,17.68
20231110,323.75,17.13
20231109,325.29,16.84
20231108,324,17.56
20231107,327.29,18.23
20231106,334.16,18.65
20231103,318.24,16.7
20231102,315.16,17.49
20231101,309.71,18.79
20231031,305.56,19.89
20231030,308.95,20.03
20231027,308.53,20.02
20231026,307.75,21.14
20231025,316.49,18.56
20231024,318.43,18.82
20231023,315.5,19.65
20231020,317.96,19.53
20231019,322.76,18.23
20231018,328.82,16
20231017,327.35,16.18
20231016,323.29,17.07
20231013,325.77,15.95
20231012,328.85,15.7
20231011,324.74,16.74
20231010,319.11,17.56
20231006,318.94,17.39
20231005,318.58,17.34
20231004,319.45,18.09
20230927,326.71,15.08
20230926,326.9,14.74
20230925,331.58,14.1
20230922,332.02,14.18
20230921,333.04,13.96
20230920,338.75,13.03
20230919,338.82,12.95
20230918,340.67,12.85
20230915,344.98,11.73
20230914,341.19,12.02
20230913,335.99,12.64
20230912,335.54,12.4
20230911,337.58,12.42
20230908,336.4,12.4
20230907,336.74,12.69
20230906,337.85,12.46
20230905,340.29,12.42
20230904,341.02,12.49
20230901,338.28,12.53
20230831,334.75,12.78
20230830,334.94,13.05
20230829,333.76,13.49
20230828,332.53,14.18
20230825,330.25,14.86
20230824,333.82,13.94
20230823,329.15,14.97
20230822,329.7,15.33
20230821,328.84,16.03
20230818,328.42,16.03
20230817,330.23,15.57
20230816,331.28,15.15
20230814,336.33,14.14
20230811,338.98,13.44
20230810,340.46,14
20230809,341.61,14.15
20230808,337.95,15.4
20230807,339.68,15.71
20230804,341.25,15.55
20230803,341.54,15.88
20230802,343.8,15.36
20230801,351,14.06
20230731,345.62,14.21
20230728,344.03,14.15
20230727,344.76,13.9
20230726,340.56,14.53
20230725,344.92,14.08
20230724,344.32,14.12
20230721,342.39,13.35
20230720,341.67,13.22
20230719,343.11,12.91
20230718,343.38,13.07
20230717,345.75,13.21
20230714,346.93,13.19
20230713,341.13,13.25
20230712,339.46,13.76
20230711,337.02,13.82
20230710,330.84,14.63
20230707,331.57,14.58
20230706,336.2,12.98
20230705,339.04,12.37
20230704,341.59,12.27
20230703,343.08,12.73
20230630,337.95,12.59
20230629,336.39,12.93
20230628,338.41,13.1
20230627,340.32,13.18
20230626,340.38,13.46
20230623,338.45,13.04
20230622,341.12,13.24
20230621,339.44,13.36
20230620,342.58,13.02
20230619,343.13,13.35
20230616,345.17,13.13
20230615,343.19,13.25
20230614,344.65,13.55
20230613,346.39,13.76
20230612,344.57,13.45
20230609,346.79,13.16
20230608,342.75,13.44
20230607,343.22,13.71
20230605,343.91,14.08
20230602,342.67,13.96
20230601,338.08,14.35
20230531,339.12,14.8
20230530,341.5,14.79
20230526,337.11,14.96
20230525,335.35,15.07
20230524,336.49,14.87
20230523,337.09,14.56
20230522,336.27,14.74
20230519,334.23,14.13
20230518,329.84,13.54
20230517,326.61,13.52
20230516,325.31,13.59
20230515,324.46,13.81
20230512,323.61,13.93
20230511,325.28,14.31
20230510,326.04,14.77
20230509,328.22,14.39
20230508,328.9,14.87
20230504,326.17,15.27
20230503,326.52,15.09
20230502,329.09,14.21
20230428,326.46,14.51
20230427,325.09,14.86
20230426,323.97,15.09
20230425,324.48,15.02
20230424,328.7,14.86
20230421,330.94,14.62
20230420,332.66,14.63
20230419,333.77,14.86
20230418,333.5,15.17
20230417,333.92,15.49
20230414,333.68,15.42
20230413,333.09,15.52
20230412,332.09,15.82
20230411,330.87,15.62
20230410,326.38,15.72
20230407,323.36,15.35
20230406,317.82,15.87
20230405,323.56,15.36
20230404,321.75,15.22
20230403,320.38,15.88
20230331,322.03,15.57
20230330,318.05,15.7
20230329,317.01,16.15
20230328,316.36,16.81
20230327,312.85,17.97
20230324,314.3,17.59
20230323,315.75,17.97
20230322,314.11,18.29
20230321,310.36,19.51
20230320,309.49,20.62
20230317,312.07,18.26
20230316,308.39,19.97
20230315,309.1,18.75
20230314,305.58,21.11
20230313,313.21,18.2
20230310,310.65,17.56
20230309,314.04,16.53
20230308,315.38,17.21
20230307,319.8,16.95
20230306,320.94,17.18
20230303,316.36,17.69
20230302,316.26,18.31
20230228,314.8,18.53
20230227,313.94,19.38
20230224,316.94,18.81
20230223,319.44,18.99
20230222,315.94,19.56
20230221,321.56,18.89
20230220,321.79,18.64
20230217,320.78,18.23
20230216,324.1,17.84
20230215,317.99,18.18
20230214,323.47,18.52
20230213,321.75,18.23
20230210,323.69,17.53
20230209,324.9,17.95
20230208,325.63,17.5
20230207,320.55,17.31
20230206,318.83,17.55
20230203,325.86,17.01
20230202,323.93,17.08
20230201,321.19,17.54
20230131,317.26,17.75
20230130,322.67,17.38
20230127,327.98,16.86
20230126,325.57,16.53
20230125,320.76,16.84
20230120,315.58,16.81
20230119,313.81,16.89
20230118,311.91,16.8
20230117,313.75,16.85
20230116,316.04,16.88
20230113,313.77,17.19
20230112,310.7,18.34
20230111,310.38,17.98
20230110,309.57,18.22
20230109,309.69,18.48
20230106,301.53,17.74
20230105,297.87,17.85
20230104,295.98,18.17
20230103,289.58,18.96
20230102,289.79,18.85
20221229,291.1,18.4
20221228,297.09,17.53
20221227,304.22,17.09
20221226,302.27,17.46
20221223,302.07,17.43
20221222,307.48,16.6
20221221,303.23,17.62
20221220,304.05,17.98
20221219,306.77,17.6
20221216,307.48,17.03
20221215,307.73,16.71
20221214,313.23,17.27
20221213,309.56,19.09
20221212,309.64,18.52
20221209,311.63,17.57
20221208,308.24,18.38
20221207,308.27,18.45
20221206,310.14,18.19
20221205,313.91,17.98
20221202,315.02,18.49
20221201,322.02,17.51
20221130,321,17.78
20221129,315.58,17.76
20221128,312.21,18.12
20221125,316.07,16.97
20221124,317.3,16.85
20221123,314.11,17.92
20221122,312.02,19.09
20221121,314.67,19.81
20221118,317.12,19.87
20221117,316.75,20.09
20221116,321.96,19.87
20221115,322.31,19.63
20221114,321.53,20.32
20221111,323.09,19.97
20221110,311.13,21.21
20221109,315.23,20.1
20221108,312.01,19.99
20221107,307.87,20.82
20221104,304.33,20.84
20221103,301.66,21.21
20221102,303.87,21.13
20221101,303.88,21.11
20221031,299.58,21.97
20221028,295.06,22.71
20221027,298.82,22.12
20221026,293.85,23.42
20221025,291.58,24.23
20221024,291.47,24.62
20221021,288.57,23.94
20221020,288.61,24.04
20221019,291.29,23.21
20221018,293.59,22.86
20221017,289.57,24.4
20221014,289.36,23.94
20221013,282.57,27.22
20221012,287.09,24.69
20221011,284.96,25.78
20221007,290.41,23.93
20221006,291.26,23.37
20221005,289.05,24.36
20221004,288.27,24.99
20220930,281.36,27.19
20220929,282.65,25.96
20220928,283.19,26.59
20220927,290.2,23.62
20220926,289.77,24.02
20220923,297.74,20.33
20220922,301.65,20.47
20220921,304.67,20.8
20220920,307.54,19.28
20220919,306.49,19.64
20220916,308.69,19.13
20220915,310.63,18.39
20220914,312.74,18.73
20220913,318.56,16.68
20220908,309.12,19.17
20220907,308.16,19.85
20220906,313.01,18.49
20220905,312.47,18.87
20220902,312.92,19.07
20220901,315.02,19.2
20220831,322.96,17.31
20220830,319.49,17.47
20220829,316.35,18.72
20220826,323.91,16.19
20220825,323.63,16.19
20220824,319.86,17.48
20220823,318.69,17.72
20220822,322.77,16.76
20220819,326.79,15.73
20220818,328.8,15.77
20220817,329.91,15.51
20220816,331.78,15.42
20220812,330.67,15.45
20220811,329.92,15.74
20220810,324.35,17.18
20220809,328.11,16.5
20220808,327.23,17.15
20220805,327.5,17
20220804,325.47,17.7
20220803,323.8,18.45
20220802,321.64,19.24
20220801,322.97,18.22
20220729,323.31,17.79
20220728,321.62,18.36
20220727,319.74,19.39
20220726,319.61,19.38
20220725,318.34,19.97
20220722,317.33,19.71
20220721,319.68,20.02
20220720,316.02,20.31
20220719,313.9,20.74
20220718,314.87,20.53
20220715,307.91,22.08
20220714,305.35,23.32
20220713,306.59,23.3
20220712,305.03,23.33
20220711,308.29,23.33
20220708,310.15,23
20220707,308.31,23.6
20220706,302.28,24.67
20220705,309.03,22.73
20220704,304.01,24.07
20220701,304.02,23.98
20220630,307.2,23.9
20220629,312.86,22.46
20220628,319.11,21.21
20220627,316.2,22.5
20220624,312.07,23.94
20220623,305.45,25.92
20220622,308.08,25.64
20220621,316.38,23.4
20220620,314.44,26.37
20220617,320.09,25.79
20220616,322.25,23.72
20220615,322.21,24.27
20220614,328.23,23.74
20220613,329.88,23.3
20220610,341.89,18.29
20220609,346.62,17
20220608,346.22,17.1
20220607,345.67,18.1
20220603,352.01,16.87
20220602,350.51,17.6
20220531,354.54,17.26
20220530,352.49,17.74
20220527,348.04,18.8
20220526,344.26,19.91
20220525,345.6,19.89
20220524,344.08,20.61
20220523,350.34,19.44
20220520,349.29,19.1
20220519,343.24,20.42
20220518,348.34,18.4
20220517,347.53,19.06
20220516,343.94,20.27
20220513,345.5,19.69
20220512,337.94,22.72
20220511,343.44,21.1
20220510,343.67,22.11
20220509,345.41,21.39
20220506,349,20.87
20220504,353.85,19.61
20220503,353.32,20.25
20220502,354.02,20.5
20220429,355.08,18.92
20220428,350.16,20.45
20220427,346.21,21.98
20220426,350.67,19.94
20220425,348.98,21.05
20220422,355.43,17.75
20220421,359.02,16.77
20220420,357.52,17.34
20220419,357.36,17.69
20220418,353.63,18.88
20220415,353.84,17.77
20220414,357.38,17.13
20220413,359,17.02
20220412,352.32,18.47
20220411,355.78,17.57
20220408,356.01,17.1
20220407,355.73,17.78
20220406,361.01,16.79
20220405,364.74,15.91
20220404,364.94,16.49
20220401,363.19,17.07
20220331,365.61,17.14
20220330,364.5,17.88
20220329,363.77,18.75
20220328,362.06,19.6
20220325,362.06,19.62
20220324,363.38,19.73
20220323,364.84,19.61
20220322,361.66,21.03
20220321,358.77,22.4
20220318,362.33,21.93
20220317,361.46,22.55
20220316,356.09,23.74
20220315,351.03,25.77
20220314,354.61,24.7
20220311,355.31,24.41
20220310,358.01,25.71
20220308,349.38,28.95
20220307,353.03,27.84
20220304,361.69,24.57
20220303,367.06,22.73
20220302,360.59,24.89
20220228,361.54,24.41
20220225,358.44,23.84
20220224,355.04,27.09
20220223,364.44,24.07
20220222,363.51,25.34
20220221,368.29,23.79
20220218,368.55,23.68
20220217,369.55,23.28
20220216,367.3,21.94
20220215,360.43,24.62
20220214,362.98,23.84
20220211,368.61,20.92
20220210,371.57,19.21
20220209,368.65,19.68
20220208,363.48,21.06
20220207,362.92,21.59
20220204,366.34,21.02
20220203,361.6,22.92
20220128,357.98,23.97
20220127,348.58,27.94
20220126,360.83,24.83
20220125,362.39,26.26
20220124,371.3,21.48
20220121,376.08,19.36
20220120,380.39,17.99
20220119,378.21,18.76
20220118,381.01,18.16
20220117,383.81,17.53
20220114,387.45,16.97
20220113,393,15.96
20220112,394.66,15.91
20220111,388.97,17.27
20220110,387.52,17.41
20220107,390.85,16.99
20220106,386.22,17.52
20220105,390.39,16.58
20220104,395.4,16
20220103,395.51,16.57
20211230,394.19,16.5
20211229,396.72,16.55
20211228,401.21,17.07
20211227,398.61,17.46
20211224,400.53,16.5
20211223,398.15,16.93
20211222,396.07,17.42
20211221,393.95,18.32
20211220,391.37,19.52
20211217,398.96,17.02
20211216,397.68,16.98
20211215,395.66,18.43
20211214,395.41,18.4
20211213,397.27,18
20211210,397.97,17.39
20211209,401.13,16.65
20211208,397.27,17.69
20211207,396.31,18.48
20211206,392.85,20.91
20211203,391.96,20.09
20211202,389.64,21.02
20211201,383.13,20.57
20211130,373.24,23.23
20211129,381.63,20.92
20211126,385.07,18.04
20211125,391.93,16.16
20211124,395.4,16.27
20211123,396.44,16.5
20211122,399.07,16.17
20211119,390.53,16.25
20211118,387.44,16.74
20211117,389.44,16.51
20211116,394.07,15.97
20211115,394.36,15.9
20211112,390.38,16.18
20211111,385.97,16.98
20211110,386.24,18.19
20211109,390.36,18
20211108,389.59,18.24
20211105,389.86,18.02
20211104,391.54,17.6
20211103,389.48,18.36
20211102,394.82,17.28
20211101,389.81,18.33
20211029,388.47,18.55
20211028,393.89,17.09
20211027,395.48,16.88
20211026,399.07,16.11
20211025,395.01,17.03
20211022,393.34,17.2
20211021,393.18,17.68
20211020,393.74,17.73
20211019,395.41,17.24
20211018,392.02,18.01
20211015,393.19,17.03
20211014,389.59,18.21
20211013,384.1,20.54
20211012,380.69,22.4
20211008,387.42,20.47
20211007,388.14,20.54
20211006,381.93,21.84
20211005,388.01,21.22
20211001,394.79,18.91
20210930,401.3,17.35
20210929,400.09,17.87
20210928,406.2,16.45
20210927,410.97,15.92
20210924,409.84,16.33
20210923,410.46,16.72
20210917,410.99,15.48
20210916,409.22,15.44
20210915,412.85,14.66
20210914,412.36,14.67
20210913,409.7,15.28
20210910,408.7,15.18
20210909,407.28,16.02
20210908,414.54,14.73
20210907,417.8,14.18
20210906,420.37,14.24
20210903,419.22,14.62
20210902,415.89,15.25
20210901,419.92,14.96
20210831,419.79,14.76
20210830,411.5,15.88
20210827,410.24,16.17
20210826,410.38,16.15
20210825,413.95,15.48
20210824,412.48,15.62
20210823,404.58,17.29
20210820,400.78,18.92
20210819,404.96,17.82
20210818,413.36,15.48
20210817,411.31,16.34
20210813,416.06,15.45
20210812,422.38,14.09
20210811,424.74,15.12
20210810,428.56,14.52
20210809,431.65,14.28
20210806,433.29,14.18
20210805,434.74,14.53
20210804,436.05,14.77
20210803,429.98,14.78
20210802,426.79,15.77
20210730,423.91,17.3
20210729,429.49,15.58
20210728,429.15,16.11
20210727,428.22,15.75
20210726,427.47,16.05
20210723,431.55,14.42
20210722,431.38,14.6
20210721,426,16.12
20210720,428.55,15.68
20210719,429.89,15.25
20210716,434.82,13.23
20210715,436.76,13.04
20210714,433.57,12.97
20210713,434.71,12.55
20210712,431.28,13.62
20210709,427.84,15.12
20210708,432.63,14.19
20210707,436.97,13.29
20210706,439.5,12.71
20210705,437.66,13.11
20210702,436,13.74
20210701,436.34,14.33
20210630,438.84,14.17
20210629,437.54,14.52
20210628,439.98,14.8
20210625,440.4,14.82
20210624,438.38,14.84
20210623,436.73,14.75
20210622,434.42,15.11
20210621,431.46,16.28
20210618,435.02,14.62
20210617,434.73,14.98
20210616,436.96,14.7
20210615,434.13,14.33
20210614,433.22,14.46
20210611,432.78,14.51
20210610,429.35,15.44
20210609,428.16,16.58
20210608,432.88,16.24
20210607,433.26,17.04
20210604,432.22,17.43
20210603,433.87,17.48
20210602,430.15,16.63
20210601,430.32,16.48
20210531,427.91,17.04
20210528,425.95,17.31
20210527,423,18.29
20210526,423.54,18.68
20210525,424.35,18.99
20210524,420.57,20.59
20210521,422.08,20.09
20210520,421.68,19.12
20210518,423.09,18.23
20210517,418.27,19.29
20210514,420.17,19.32
20210513,416.07,21.9
20210512,421.86,22.17
20210511,428.77,20
20210510,435.63,17.34
20210507,428.56,16.43
20210506,426.64,17
20210504,423.57,16.89
20210503,420.36,18.09
20210430,422.36,18.84
20210429,426.28,18.92
20210428,427.48,18.92
20210427,432.14,18.1
20210426,432.36,18.36
20210423,428.34,18.33
20210422,427.37,17.86
20210421,426.75,18.95
20210420,434.6,17.96
20210419,431.96,18.04
20210416,432.43,17.61
20210415,432.66,17.6
20210414,430.71,16.49
20210413,429.08,17.11
20210412,424.22,16.54
20210409,424.3,16.69
20210408,426.86,16.19
20210407,426.7,17.45
20210406,425.88,18.34
20210405,424.85,18.97
20210402,423.74,19.51
20210401,419.42,19.88
20210331,415.04,20.44
20210330,416.61,20.64
20210329,412.05,21.01
20210326,412.89,20.36
20210325,408.53,21.69
20210324,407.1,22.71
20210323,408.71,23.19
20210322,412.64,23.7
20210319,412.91,23.61
20210318,417.06,22.69
20210317,414.01,24.53
20210316,417.31,24.28
20210315,414.18,25.9
20210312,416.13,25.64
20210311,411.02,26.45
20210310,403.48,28.85
20210309,405.79,29.78
20210308,408.34,29.48
20210305,412,29.09
20210304,414.17,29.5
20210303,420.27,28.31
20210302,414.8,30.97
20210226,409.91,31.34
20210225,422.52,27.92
20210224,407.16,28.93
20210223,415.82,27.16
20210222,416.88,27.64
20210219,420.94,26.86
20210218,417.44,26.1
20210217,424.2,25.58
20210216,429.24,25.08
20210215,427.01,26.22
20210210,419.65,26.43
20210209,417.91,25.21
20210208,418.95,27.33
20210205,423.3,28.65
20210204,418.31,32.06
20210203,425.21,31.29
20210202,421.03,33.4
20210201,415.45,34.16
20210129,404.56,35.73
20210128,416.4,33.09
20210127,423.67,29.41
20210126,426.73,29.99
20210125,437.3,28.97
20210122,427.13,29.36
20210121,430.27,30.63
20210120,424.01,33.32
20210119,421.35,34.08
20210118,410.5,33.18
20210115,420.43,31.56
20210114,429.85,29.68
20210113,430.38,32
20210112,427.87,34.95
20210111,431.13,35.65
20210108,430.22,29.18
20210107,410.81,26.75
20210106,402.08,27.6
20210105,406.03,26.22
20210104,399.88,24.81
20201230,389.29,22.09
20201229,381.27,21.63
20201228,379.93,23.14
20201224,379.18,21.53
20201223,371.32,21.52
20201222,366.43,22.85
20201221,372.18,20.54
20201218,371.55,19.57
20201217,372,19.85
20201216,372.53,20.4
20201215,370.88,21.27
20201214,371.56,21.25
20201211,372.24,19.85
20201210,369.37,20.03
20201209,371.47,20.15
20201208,363.45,20.7
20201207,369.86,21.3
20201204,367.63,21.01
20201203,361.66,20.02
20201202,358.66,20.18
20201201,352.4,20.21
20201130,346.05,20.77
20201127,352.73,19.66
20201126,352.12,20
20201125,348.3,20.82
20201124,350.28,19.81
20201123,348.46,19.79
20201120,340.62,19.21
20201119,340.16,19.41
20201118,339.96,19.63
20201117,339.85,19.72
20201116,340.63,20.5
20201113,333.03,19.77
20201112,329.72,19.85
20201111,331.12,20.68
20201110,326.13,21.02
20201109,325.83,21.58
20201106,322.1,21.74
20201105,321.51,22.16
20201104,313.83,24.75
20201103,312.07,26.54
20201102,305.95,28.65
20201030,301.6,31.97
20201029,309.94,25.9
20201028,313.17,23.29
20201027,311.8,23.58
20201026,313.53,22.94
20201023,314.79,21.9
20201022,313.77,22.54
20201021,315.76,21.88
20201020,314.71,22.18
20201019,312.59,22.51
20201016,311.83,22.03
20201015,313.92,21.47
20201014,316.57,20.97
20201013,319.58,20.34
20201012,319.15,20.36
20201008,317.47,21
20201007,317.35,21.55
20201006,314.45,22.29
20201005,313.51,23.87
20200929,309.44,24.15
20200928,307.03,25.01
20200925,303.57,26.13
20200924,302.48,27.21
20200923,309.64,24.64
20200922,308.82,25.2
20200921,315.89,23.31
20200918,318.39,21.59
20200917,318,22.31
20200916,322.31,21.05
20200915,323.36,20.97
20200914,320.98,21.28
20200911,316.45,21.68
20200910,316.53,22.14
20200909,313.77,24.73
20200908,317.38,23.87
20200907,313.67,25.85
20200904,312.03,27.83
20200903,316.43,25.3
20200902,311.5,26.26
20200901,309.81,27.59
20200831,307.14,27.77
20200828,312.24,26.4
20200827,311.38,27.22
20200826,314.19,25.44
20200825,313.59,24.63
20200824,309.33,26.44
20200821,306.16,26.89
20200820,301.59,28.18
20200819,313.54,24.38
20200818,312.84,25.21
20200814,319.24,22.58
20200813,323.33,22.12
20200812,322.68,22.86
20200811,321.02,22.98
20200810,316.77,22.94
20200807,312.57,22.07
20200806,311.32,22.06
20200805,306.64,21.58
20200804,303.04,22.42
20200803,299.46,23.52
20200731,299.32,23.57
20200730,301.85,22.91
20200729,301.25,23.33
20200728,300.13,22.92
20200727,293.51,22.96
20200724,290.66,22.5
20200723,292.37,21
20200722,294.04,20.82
20200721,295.16,21.09
20200720,290.81,22.37
20200717,291.57,22.34
20200716,289.25,23.48
20200715,292.27,23.63
20200714,289.63,24.45
20200713,289.84,23.63
20200710,285.06,24.83
20200709,287.25,23.38
20200708,285.97,25.04
20200707,286.77,24.85
20200706,290.62,24.02
20200703,285.89,24.78
20200702,283.86,27.45
20200701,280.26,29.9
20200630,280.09,31.07
20200629,278.04,33.58
20200626,283.38,30.56
20200625,279.73,33.12
20200624,286.7,30.2
20200623,281.94,31.73
20200622,281.42,34.03
20200619,283.37,34.04
20200618,281.91,37.3
20200617,283.02,37.05
20200616,282.59,35.9
20200615,267.95,39.69
20200612,281.78,32.88
20200611,288.62,26.79
20200610,291.9,26.06
20200609,291.32,26.53
20200608,290.77,27.4
20200605,290.62,25.45
20200604,286.45,25.69
20200603,285.91,25.74
20200602,276.08,25
20200601,273.19,24.94
20200529,268.32,25.64
20200528,268.29,25.24
20200527,267.64,24.47
20200526,267.31,23.8
20200525,262.76,25.27
20200522,259.62,27.74
20200521,263.74,23.57
20200520,262.72,24.85
20200519,261.79,25
20200518,255.44,27.04
20200515,253.79,26.96
20200514,253.65,26.79
20200513,255.85,25.75
20200512,253.37,27.79
20200511,254.95,29.33
20200508,256.62,28.77
20200507,254.46,31.31
20200506,255,31.81
20200504,250.6,36.36
20200429,258.15,30.51
20200428,256.39,32.64
20200427,254.84,35.15
20200424,250.28,37.54
20200423,253.74,34.46
20200422,251.88,36.55
20200421,249.4,36.53
20200420,252.14,33.29
20200417,255.02,31.44
20200416,247.1,34.82
20200414,247.45,36.04
20200413,243.4,39.69
20200410,248,35.84
20200409,245.61,35.55
20200408,241.89,40.05
20200407,244.87,36.14
20200406,240.81,38.26
20200403,231.7,45.34
20200402,231.84,47.24
20200401,226.35,50
20200331,236.82,48.55
20200330,232.45,54.83
20200327,233.79,54.62
20200326,229.34,52.76
20200325,232.89,49.32
20200324,220.34,53.78
20200323,201.87,62.5
20200320,213.67,60.73
20200319,199.28,69.24
20200318,215.83,62.8
20200317,226.89,64.49
20200316,232.97,64.56
20200313,240.65,53.86
20200312,247.62,43.07
20200311,257.01,37.6
20200310,264.67,34.8
20200309,263.11,36.21
20200306,275.1,27.47
20200305,281.38,23.66
20200304,278.13,26.76
20200303,271.56,29.49
20200302,270.37,32.66
20200228,268.02,33.81
20200227,277.09,26.84
20200226,279.94,25.1
20200225,284.24,22.72
20200224,281.02,23.65
20200221,292.42,19.8
20200220,296.65,18.24
20200219,298.33,18.19
20200218,297.74,18.25
20200217,302.76,17.16
20200214,303.01,16.85
20200213,300.93,16.68
20200212,301.54,16.95
20200211,299.28,18.16
20200210,296.24,18.22
20200207,298.21,17.53
20200206,300.65,17.81
20200205,292.02,18.23
20200204,290.68,18.39
20200203,285.05,19.32
20200131,284.53,19.29
20200130,288.37,18.38
20200129,293.98,16.99
20200128,292.77,18.32
20200123,302.33,15.3
20200122,306.08,14.29
20200121,302.11,14.41
20200120,305.58,13.64
20200117,303.3,13.6
20200116,302.78,13.58
20200115,299.74,13.37
20200114,301.53,13.41
20200113,300.13,13.26
20200110,297.06,12.81
20200109,294.41,13.58
20200108,289.42,15.97
20200107,291.23,15.08
20200106,288.43,15.88
20200103,290.74,15.88
20200102,290.35,15.4
20191230,293.77,14.69
20191227,295.2,14.13
20191226,294.06,14.15
20191224,292.9,13.81
20191223,294.87,13.97
20191220,295.31,13.08
20191219,294.31,13.2
20191218,294.22,13.01
20191217,294.4,13.05
20191216,289.76,13.27
20191213,290.11,13.12
20191212,285.11,13.39
20191211,280.28,13.4
20191210,279.31,13.33
20191209,278.03,13.61
20191206,276.56,13.91
20191205,273.3,14.55
20191204,274.15,14.37
20191203,276.19,14.26
20191202,277.44,13.96