BAS_DD,VOL,DIFF_DAY,MMF,KOSPI200,LAG_VK200,PRIOR,TARGET_C_K,TARGET_P_K,PRICE_TARGET_C_K,PRICE_TARGET_P_K,ACC_TRDVOL_TARGET_C_K,ACC_TRDVOL_TARGET_P_K,SELL_AMT,PREMIUM,INTEREST,EXERCISE,REVENUE,RATE
20200102,0.02034343958740939,7,0.014499999999999999,290.35,14.69,20012,297.5,282.5,0.44,0.43,189879,180660,137.76476666092645,29963836.748751502,2789154.3272054745,0,32752991.075956978,0.0032752991075956977
20200109,0.02211604698508699,7,0.0148,294.41,15.97,20013,302.5,287.5,0.22,0.37,1249,1625,135.86495023946196,20040080.16032064,2844044.2528893407,9510546.516761411,13373577.896448571,0.001337357789644857
20200116,0.018515438208554356,7,0.0147,302.78,13.37,20014,310,295,0.26,0.31,3295,4727,132.10912213488342,18825549.90422089,2824485.339959299,0,21650035.244180188,0.002165003524418019
20200123,0.019789499775635135,7,0.014499999999999999,302.33,14.29,20015,310,295,0.26,0.46,1886,3536,132.30575860814344,23815036.549465816,2787444.4553692346,219296794.8929976,-192694313.88816255,-0.019269431388816257
20200130,0.023528593505111335,7,0.014499999999999999,288.37,16.99,20021,297.5,280,0.3,1,3318,4205,138.71068419044977,45080972.36189618,2793358.1334102256,109234663.7999784,-61360333.304672,-0.0061360333304672
20200206,0.025245806921611512,7,0.0144,300.65,18.23,20022,310,292.5,0.46,0.94,380846,167844,133.04506901712955,46565774.15599534,2774503.643931299,0,49340277.79992664,0.004934027779992664
20200213,0.02347319952393391,7,0.0139,300.93,16.95,20023,310,292.5,0.27,0.72,2645,1013,132.92127737347556,32898016.1499352,2674523.2245791466,0,35572539.37451435,0.003557253937451435
20200220,0.025190412940434094,7,0.013999999999999999,296.65,18.19,20024,305,287.5,0.56,0.56,3435,2768,134.83903590089332,37754930.05225013,2695068.4469729327,350918590.9320757,-310468592.4328526,-0.031046859243285263
20200227,0.03475972318883428,7,0.013700000000000002,277.09,25.1,20031,287.5,265,1.14,1.29,441,899,144.35742899418963,87697138.11397019,2650438.782315424,0,90347576.89628561,0.00903475768962856
20200305,0.03705857340769743,7,0.013600000000000001,281.38,26.76,20032,292.5,270,0.45,1.03,282097,163904,142.15651432226883,52597910.299239464,2621937.8659191444,795365697.633094,-740145849.4679353,-0.07401458494679353
20200312,0.05207034230677965,7,0.013600000000000001,247.62,37.6,20033,262.5,232.5,1.53,NA,179,NA,161.537840239076,NA,2608219.178082192,1341571763.1855261,2608219.178082192,2.608219178082192e-4
20200319,0.08696855044855749,7,0.013600000000000001,199.28,62.8,20034,217.5,180,2.12,NA,0,NA,200.7226013649137,NA,2608219.178082192,594138900.0401447,2608219.178082192,2.608219178082192e-4
20200326,0.06830077879176522,7,0.013200000000000002,229.34,49.32,20041,247.5,212.5,1.42,3.41,82,424,174.41353449027645,210604342.8970088,2584821.4829689967,0,213189164.3799778,0.02131891643799778
20200402,0.06924247647178144,7,0.0123,231.84,50,20042,250,215,0.75,2.02,104885,38388,172.5327812284334,119478951.00069013,2387088.048441533,0,121866039.04913166,0.012186603904913166
20200409,0.05546322365389693,7,0.0122,245.61,40.05,20043,260,230,0.61,1.41,588,785,162.85981841130246,82244208.29770774,2358968.918872943,0,84603177.21658067,0.008460317721658067
20200416,0.049909977040860067,7,0.011899999999999999,247.1,36.04,20044,260,232.5,0.45,0.66,793,197,161.87778227438284,44921084.58114124,2292443.633823586,0,47213528.21496483,0.004721352821496483
20200423,0.046861541903665954,6,0.012,253.74,36.55,20045,267.5,240,0.3,0.68,1390,1170,157.6416804603137,38622211.712776855,1980221.3677899174,0,40602433.08056677,0.004060243308056677
20200429,0.04832242396169968,8,0.0113,258.15,32.64,20051,272.5,245,0.12,0.77,612,517,154.9486732519853,34476079.79856673,2485251.0619555903,0,36961330.86052232,0.003696133086052232
20200507,0.044052063531347344,7,0.0113,254.46,31.81,20052,267.5,242.5,0.25,1.15,63861,55914,157.19562996148707,55018470.48652047,2179046.468535572,0,57197516.95505604,0.005719751695505604
20200514,0.035659875382967436,7,0.011200000000000002,253.65,25.75,20053,265,242.5,0.16,0.89,2119,729,157.69761482357578,41395623.891188644,2156836.7586659435,0,43552460.649854586,0.004355246064985459
20200521,0.03441351080647538,7,0.010900000000000002,263.74,24.85,20054,275,252.5,0.11,0.4,2212,1519,151.66451808599376,19337226.055964205,2094453.2338303293,0,21431679.289794534,0.0021431679289794533
20200528,0.033887267985289835,7,0.010700000000000001,268.29,24.47,20061,277.5,257.5,0.43,0.72,1850,1240,149.09240001490923,42864065.0042864,2060850.7355310165,333594245.033359,-288669329.29354155,-0.028866932929354154
20200604,0.035646026887673085,7,0.010400000000000001,286.45,25.74,20062,297.5,275,1.11,1.26,175979,179396,139.64042590329902,82736952.34770468,2011022.6030983916,0,84747974.95080307,0.008474797495080308
20200611,0.036089178737092484,7,0.0101,288.62,26.06,20063,300,277.5,0.4,1.26,2475,1539,138.5905342665096,57515071.720601484,1948126.891974374,0,59463198.61257586,0.0059463198612575855
20200618,0.05130867506559004,7,0.0099,281.91,37.05,20064,297.5,265,0.5,0.94,1646,761,141.8892554361321,51080131.95700755,1908328.3647797827,0,52988460.321787335,0.005298846032178734
20200625,0.04182245578895599,7,0.0096,279.73,30.2,20071,292.5,267.5,0.5,1.4,1887,4039,142.99503092267543,67922639.68827082,1853601.0996905526,0,69776240.78796138,0.006977624078796138
20200702,0.0414070009301253,7,0.0095,283.86,29.9,20072,297.5,270,0.32,0.88,60569,79422,140.91453533431974,42274360.60029592,1829619.8492600538,0,44103980.44955598,0.004410398044955598
20200709,0.03467663221706815,7,0.009300000000000001,287.25,25.04,20073,297.5,275,0.47,0.46,2201,1576,139.2515230635335,32375979.112271536,1789336.0992882438,0,34165315.21155978,0.003416531521155978
20200716,0.032723994380563906,7,0.0086,289.25,23.63,20074,300,277.5,0.25,0.4,2716,1868,138.2886776145203,22471910.112359554,1653021.3944897645,0,24124931.50684932,0.002412493150684932
20200723,0.028832567202849796,7,0.0088,292.37,20.82,20075,302.5,282.5,0.26,0.47,1159,2888,136.8129425043609,24968362.007045865,1691885.0715058467,0,26660247.078551713,0.0026660247078551715
20200730,0.032308539521733216,7,0.0078000000000000005,301.85,23.33,20081,312.5,290,0.37,0.49,2228,2133,132.5161504058307,28490972.3372536,1500152.3481907237,0,29991124.685444325,0.0029991124685444324
20200806,0.029885052845220868,7,0.0076,311.32,21.58,20082,322.5,300,0.51,0.65,181019,111651,128.48515996402415,37260696.38956701,1462965.1206792465,26660670.6925345,12062990.817711756,0.0012062990817711756
20200813,0.031657660242898476,7,0.0077,323.33,22.86,20083,335,312.5,0.36,0.66,2357,1394,123.7126155939752,31546716.97646368,1481370.8713562505,337426159.0325681,-304398071.1847482,-0.030439807118474816
20200820,0.03376263152764063,7,0.0072,301.59,24.38,20084,312.5,290,0.84,NA,1704,NA,132.6303922543851,NA,1380821.917808219,0,1380821.917808219,1.3808219178082192e-4
20200827,0.035230572028842395,7,0.0068000000000000005,311.38,25.44,20091,322.5,300,0.6,1.51,1805,2424,128.4604020810585,67762862.09775835,1312946.6088653516,0,69075808.7066237,0.00690758087066237
20200903,0.03636614864297961,7,0.0068000000000000005,316.43,26.26,20092,330,302.5,0.35,0.81,161121,64071,126.4102645134785,36658976.70890877,1308890.3213461482,0,37967867.030254915,0.0037967867030254915
20200910,0.034247328862943106,7,0.006500000000000001,316.53,24.73,20093,327.5,305,0.39,0.69,1228,1739,126.37032824692763,34119988.626670465,1250828.6561164756,0,35370817.28278694,0.0035370817282786944
20200917,0.02915108259461999,7,0.0064,318,21.05,20094,327.5,307.5,0.46,0.8,1413,1741,125.78616352201257,39622641.50943396,1232260.5324373222,157861635.2201252,-117006733.17825392,-0.011700673317825393
20200924,0.02883893866912657,5,0.0063,302.48,24.64,20101,312.5,292.5,0.3,0.87,2100,1833,132.24014810896588,38680243.32187252,866351.8566154493,0,39546595.178487964,0.003954659517848796
20200929,0.03927249691194373,9,0.0061,309.44,25.01,20102,322.5,295,0.26,0.6,107877,88561,129.26577042399174,27792140.641158223,1508289.8315649307,0,29300430.472723152,0.002930043047272315
20201008,0.0298435073593378,7,0.0064,317.47,21.55,20103,327.5,307.5,0.33,0.42,2916,2170,125.99615711720791,23624279.459476482,1230296.8978624237,0,24854576.357338905,0.0024854576357338904
20201015,0.029040294632265137,7,0.0064,313.92,20.97,20104,325,302.5,0.13,0.4,3367,2675,127.420998980632,16883282.36493374,1229469.5097258878,0,18112751.874659628,0.0018112751874659627
20201022,0.030300507704051557,7,0.0063,313.77,21.88,20105,325,302.5,0.14,0.36,1901,3360,127.4819135035217,15935239.187940212,1210144.5042416113,0,17145383.692181822,0.0017145383692181821
20201029,0.0322531455405558,7,0.0061,309.94,23.29,20111,320,297.5,0.61,0.97,4701,1737,129.0572368845583,50977608.569400534,1175826.695577845,48719106.92392047,3434328.3410579115,3.434328341057912e-4
20201105,0.034275025853531815,7,0.0063,321.51,24.75,20112,335,310,0.15,0.88,56691,80381,124.41292650306367,32036328.574538898,1212089.8687401018,0,33248418.443278998,0.0033248418443279
20201112,0.028638688268728806,7,0.0061,329.72,20.68,20113,340,320,0.35,0.65,4028,3150,121.31505519835011,30328763.799587525,1173411.063600664,4852602.207934762,26649572.655253425,0.0026649572655253425
20201119,0.02718459626282139,7,0.0061,340.16,19.63,20114,350,330,0.35,0.46,5241,4182,117.59172154280338,23812323.612417687,1172648.7293650692,62323612.41768593,-37338640.07590318,-0.0037338640075903176
20201126,0.028832567202849796,7,0.006,352.12,20.82,20121,362.5,340,0.46,0.48,2317,2268,113.59763716914688,26695444.734749515,1153756.7361064642,0,27849201.470855977,0.002784920147085598
20201203,0.027946263504010988,7,0.0061,361.66,20.18,20122,372.5,350,0.57,0.73,137473,116588,110.60111707128242,35945363.04816678,1174068.1287730322,0,37119431.176939815,0.0037119431176939814
20201210,0.027904718018127918,7,0.0062,369.37,20.15,20123,380,357.5,0.6,0.81,2202,784,108.29249803719847,38173105.558112465,1193580.0350170468,0,39366685.59312951,0.003936668559312951
20201217,0.028250930400486828,7,0.0061,372,20.4,20124,385,360,0.32,0.53,1591,2683,107.52688172043011,22849462.3655914,1172536.0877890703,0,24021998.45338047,0.002402199845338047
20201224,0.027591255315099632,6,0.0064,379.18,21.52,20125,390,367.5,0.17,1.11,1053,1459,105.49079592805528,33757054.69697769,1055606.2216448328,0,34812660.91862252,0.0034812660918622524
20201230,0.03202248867314841,8,0.0064,389.29,21.63,21011,402.5,375,0.64,0.68,3738,1795,102.75116237252433,33907883.58293303,1407496.1195601267,213465539.82891935,-178150160.1264262,-0.01781501601264262
20210107,0.03822184701242336,7,0.006500000000000001,410.81,27.6,21012,427.5,395,1.28,1.48,130090,94672,97.36861322752611,67184343.12699302,1254950.3770199404,57204060.27117214,11235233.232840814,0.0011235233232840813
20210114,0.044315184941940124,7,0.0068000000000000005,429.85,32,21013,450,410,1.46,1.7,4455,3434,93.05571711061998,73514016.51738979,1313696.6224280212,0,74827713.1398178,0.007482771313981781
20210121,0.04614318632079516,7,0.006600000000000001,430.27,33.32,21014,452.5,410,NA,1.18,NA,1731,92.96488251562972,NA,1265753.4246575343,0,1265753.4246575343,1.2657534246575343e-4
20210128,0.04072842466070185,7,0.006500000000000001,416.4,29.41,21021,435,397.5,1.12,NA,620,NA,96.06147934678195,NA,1246575.3424657537,0,1246575.3424657537,1.2465753424657536e-4
20210204,0.0401175826584325,6,0.006500000000000001,418.31,31.29,21022,437.5,400,0.96,1.7,108409,148644,95.62286342664531,63589204.17871913,1075287.6135971784,0,64664491.79231631,0.006466449179231631
20210210,0.03732255845816326,8,0.0063,419.65,25.21,21023,437.5,402.5,0.92,0.81,2783,943,95.31752651018707,41224830.21565591,1386514.3327201891,0,42611344.5483761,0.00426113445483761
20210218,0.035424450962963386,7,0.0063,417.44,25.58,21024,432.5,402.5,0.68,NA,1413,NA,95.82215408202376,NA,1208219.1780821919,0,1208219.1780821919,1.2082191780821918e-4
20210225,0.040063696886572735,7,0.006500000000000001,422.52,28.93,21031,440,405,NA,1.14,NA,631,94.67007478935909,NA,1246575.3424657537,0,1246575.3424657537,1.2465753424657536e-4
20210304,0.03920509017832265,7,0.0067,414.17,28.31,21032,432.5,397.5,0.92,2.17,73219,52563,96.57869956781032,74607045.41613348,1294518.0011781277,0,75901563.41731161,0.0075901563417311605
20210311,0.0399529089242179,7,0.006600000000000001,411.02,28.85,21033,427.5,392.5,NA,0.92,NA,449,97.31886526203105,NA,1265753.4246575343,0,1265753.4246575343,1.2657534246575343e-4
20210318,0.033970358957055975,7,0.006600000000000001,417.06,24.53,21034,432.5,402.5,0.48,0.63,970,706,95.90946146837385,26614875.55747374,1269122.2116459052,0,27883997.769119646,0.0027883997769119644
20210325,0.03144993281348313,7,0.006600000000000001,408.53,22.71,21041,422.5,395,0.59,0.92,2690,1221,97.91202604459893,36961789.8318361,1270431.8758636464,0,38232221.707699746,0.003823222170769975
20210401,0.028306324381664253,7,0.0064,419.42,20.44,21042,432.5,407.5,0.73,1.09,72578,52895,95.36979638548472,43393257.35539555,1232723.3367932104,0,44625980.692188755,0.004462598069218875
20210408,0.02416562428865172,7,0.006500000000000001,426.86,17.45,21043,437.5,415,0.3,0.65,1424,1679,93.70753877149416,22255540.458229862,1249349.6632626012,0,23504890.121492464,0.0023504890121492463
20210415,0.022836168740393514,7,0.0061,432.66,16.49,21044,445,422.5,0.28,0.75,2518,2416,92.4513474783895,23806221.9756853,1172648.0155571555,0,24978869.991242453,0.0024978869991242455
20210422,0.026242898582805166,7,0.006500000000000001,427.37,18.95,21045,440,415,0.33,0.51,2544,2239,93.5957133163301,19655099.79642932,1249025.4987417466,0,20904125.295171067,0.0020904125295171066
20210429,0.0262013530969221,7,0.0063,426.28,18.92,21051,437.5,415,0.46,0.88,2528,1559,93.83503800319039,31434737.731068783,1212017.183380658,0,32646754.914449442,0.003264675491444944
20210506,0.023390108552167773,7,0.0062,426.64,16.89,21052,437.5,415,0.35,0.8,85039,88153,93.75585974123383,26954809.675604723,1192246.1335340308,0,28147055.809138753,0.0028147055809138754
20210513,0.030702114067587893,7,0.0062,416.07,22.17,21053,430,402.5,0.4,1.12,1684,4592,96.13766914221165,36532314.27404043,1193384.9381903927,0,37725699.212230824,0.0037725699212230825
20210520,0.025245806921611512,7,0.0059,421.68,18.23,21054,432.5,410,0.41,0.74,1893,1471,94.8586605957124,27271864.921267312,1134592.6795102693,0,28406457.60077758,0.0028406457600777583
20210527,0.025868989209857543,7,0.006,423,18.68,21061,435,410,0.24,0.5,2815,4013,94.56264775413712,17494089.834515367,1152697.9500631497,0,18646787.784578517,0.0018646787784578516
20210603,0.023030047674514505,7,0.0061,433.87,16.63,21062,445,422.5,0.61,0.84,134805,58468,92.193514186277,33420148.892525412,1173772.7133087968,0,34593921.60583421,0.0034593921605834206
20210610,0.022960805198042725,7,0.0059,429.35,16.58,21063,440,417.5,0.32,0.46,2633,1269,93.164085245138,18166996.62280191,1133562.457426087,0,19300559.080227997,0.0019300559080227997
20210617,0.020357288082703744,7,0.0058,434.73,14.7,21064,445,425,0.16,0.63,2789,2235,92.011133347135,18172198.836059164,1114350.1130760107,0,19286548.949135177,0.0019286548949135178
20210624,0.020426530559175524,7,0.0061,438.38,14.75,21071,447.5,427.5,0.23,0.4,2740,2124,91.24503855102878,14371093.571787033,1171544.2347822336,0,15542637.806569267,0.0015542637806569266
20210701,0.019623317832102864,7,0.0062,436.34,14.17,21072,445,427.5,0.36,0.66,109037,89675,91.67163221341157,23376266.21441995,1191820.630010153,0,24568086.844430104,0.0024568086844430105
20210708,0.018404650246199507,7,0.0064,432.63,13.29,21073,442.5,422.5,0.18,0.79,3161,2774,92.45775836164853,22421006.40269977,1230149.2084570986,0,23651155.611156866,0.0023651155611156866
20210715,0.017961498396780108,7,0.0062,436.76,12.97,21074,445,427.5,0.19,0.41,3873,3486,91.58347834050737,13737521.751076106,1190674.5436821827,0,14928196.294758288,0.0014928196294758287
20210722,0.022323774414502336,7,0.0063,431.38,16.12,21075,442.5,420,0.17,0.34,2947,2828,92.7256711020446,11822523.065510686,1209647.5979922984,0,13032170.663502986,0.0013032170663502985
20210729,0.02230992591920798,7,0.0063,429.49,16.11,21081,440,417.5,0.19,0.35,4732,1812,93.13371673380055,12573051.759063074,1209738.278308424,0,13782790.037371498,0.0013782790037371497
20210805,0.020454227549764236,7,0.0064,434.74,14.77,21082,445,425,0.4,0.6,205236,121528,92.0090168836546,23002254.22091365,1230220.55065506,60265906.058793865,-36033431.28722516,-0.003603343128722516
20210812,0.02093892488506671,7,0.006,422.38,15.12,21083,432.5,412.5,0.2,0.38,4705,2476,94.7014536673138,13731710.781760503,1152265.0187748875,178512240.162887,-163628264.36235163,-0.016362826436235163
20210819,0.021437470715663536,7,0.0061,404.96,15.48,21084,415,395,0.46,1.23,6276,6657,98.77518767285659,41732516.7917819,1174745.1464849566,0,42907261.93826686,0.0042907261938266855
20210826,0.021437470715663536,7,0.006500000000000001,410.38,15.48,21091,420,400,0.47,0.91,3981,4419,97.4706369706126,33627369.75486135,1250767.2474625923,0,34878137.00232394,0.003487813700232394
20210902,0.02071734896035701,7,0.006600000000000001,415.89,14.96,21092,425,405,0.7,0.55,168089,167727,96.17927817451731,30056024.42953666,1269557.7762428622,0,31325582.205779523,0.0031325582205779523
20210909,0.020398833568586815,7,0.0072,407.28,14.73,21093,417.5,397.5,0.48,1.16,3811,2025,98.21253191907289,40267138.08681989,1386382.0924919883,0,41653520.17931188,0.0041653520179311876
20210916,0.02030189410152632,7,0.0073,409.22,14.66,21094,420,400,0.1,0.49,6597,3912,97.74693318997116,14417672.645520747,1402018.4741703728,0,15819691.119691119,0.0015819691119691118
20210923,0.021437470715663536,7,0.0079,410.46,15.48,21095,420,400,0.22,0.93,4982,3732,97.45163962383667,28017346.391853046,1519313.3130286837,0,29536659.704881728,0.0029536659704881727
20210930,0.024747261091014692,7,0.008100000000000001,401.3,17.87,21101,412.5,390,0.25,0.61,4235,3673,99.676052828308,21430351.35808622,1556753.701156174,46349364.56516356,-23362259.505921166,-0.0023362259505921167
20211007,0.030245113722874133,7,0.008100000000000001,388.14,21.84,21102,400,375,0.44,0.94,205544,122937,103.05559849538827,35554181.48090895,1558947.7317533363,0,37113129.21266229,0.0037113129212662287
20211014,0.028444809334607815,7,0.0083,389.59,20.54,21103,402.5,377.5,0.16,0.59,2355,1809,102.67203983675147,19251007.4693909,1594845.1603670456,0,20845852.629757944,0.0020845852629757943
20211021,0.0245533821568937,7,0.0084,393.18,17.73,21104,405,382.5,0.14,0.72,3688,2647,101.73457449514217,21872933.51645557,1614482.543810322,0,23487416.06026589,0.0023487416060265893
20211028,0.023376260056873415,7,0.0087,393.89,16.88,21111,405,382.5,0.26,0.57,5451,2177,101.55119449592526,21071872.85790449,1672008.978238483,0,22743881.836142972,0.0022743881836142974
20211104,0.025425837360438144,7,0.009000000000000001,391.54,18.36,21112,402.5,380,0.5,0.69,162426,139006,102.16069877917964,30392807.88680594,1731273.2791695036,0,32124081.165975444,0.0032124081165975445
20211111,0.025190412940434094,7,0.0089,385.97,18.19,21113,397.5,375,0.22,0.54,2079,2695,103.6349975386688,19690649.532347072,1710210.212235247,0,21400859.744582318,0.002140085974458232
20211118,0.022863865730982234,7,0.0094,387.44,16.51,21114,397.5,377.5,0.5,0.58,3867,3328,103.24179227751394,27875283.914928764,1807764.9141961706,0,29683048.829124935,0.0029683048829124933
20211125,0.022531501843917678,7,0.0099,391.93,16.27,21121,402.5,382.5,0.35,0.45,3827,2423,102.05904115530835,20411808.23106167,1902505.5844120895,0,22314313.81547376,0.002231431381547376
20211202,0.028486354820490885,7,0.0101,389.64,20.57,21122,402.5,377.5,0.45,1.37,167193,65630,102.6588645929576,46709783.38979571,1946033.922426462,0,48655817.312222175,0.004865581731222217
20211209,0.024497988175716277,7,0.010900000000000002,401.13,17.69,21123,412.5,390,0.24,0.85,2958,3262,99.71829581432453,27173235.60940343,2096091.2818547883,0,29269326.89125822,0.002926932689125822
20211216,0.02552277682749864,7,0.0111,397.68,18.43,21124,410,387.5,0.28,0.69,4596,1873,100.58338362502515,24391470.5290686,2133959.4993427633,0,26525430.028411362,0.0026525430028411364
20211223,0.024124078802768657,7,0.011899999999999999,398.15,17.42,21125,410,387.5,0.08,1.23,2455,790,100.46464900163255,32902172.548034664,2289700.6875979486,0,35191873.23563261,0.0035191873235632613
20211230,0.02291925971215966,7,0.0121,394.19,16.55,22011,405,385,0.31,0.62,2991,2785,101.47390852127147,23592683.731195614,2326022.7405809104,0,25918706.471776523,0.002591870647177652
20220106,0.022960805198042725,7,0.0125,386.22,16.58,22012,397.5,375,0.29,0.93,162789,113030,103.56791466003831,31588213.971311685,2404832.79102052,0,33993046.7623322,0.00339930467623322
20220113,0.022032956013320858,7,0.013500000000000002,393,15.91,22013,402.5,382.5,0.27,0.66,4492,2913,101.78117048346056,23664122.13740458,2595167.834361603,53689567.430025786,-27430277.458259605,-0.0027430277458259603
20220120,0.0259797771722124,7,0.013300000000000001,380.39,18.76,22014,392.5,370,0.25,0.83,2386,2898,105.15523541628329,28391913.56239649,2557926.8141168747,563106285.6541975,-532156445.2776841,-0.05321564452776841
20220127,0.034385813815886665,7,0.013700000000000002,348.58,24.83,22021,362.5,335,0.44,1.16,2313,2600,114.75127660795226,45900510.6431809,2639457.1478648805,0,48539967.79104578,0.004853996779104578
20220203,0.03319484322057202,7,0.013999999999999999,361.6,23.97,22022,375,347.5,0.34,0.82,148310,89264,110.61946902654867,32079646.01769911,2693544.6720814644,0,34773190.68978058,0.0034773190689780576
20220210,0.02725383873929317,7,0.0139,371.57,19.68,22023,382.5,360,0.37,0.91,4705,3769,107.65131738299648,34448421.562558874,2674936.524432978,0,37123358.086991854,0.0037123358086991855
20220217,0.030383598675817698,7,0.013700000000000002,369.55,21.94,22024,382.5,357.5,0.29,1.41,2963,1412,108.23975104857259,46001894.19564334,2639483.7853516773,66567446.894871585,-17926068.913876563,-0.0017926068913876564
20220224,0.033333328173515586,7,0.014199999999999999,355.04,24.07,22031,367.5,342.5,0.84,1.84,1596,1086,112.66336187471833,75484452.45606129,2743844.259107212,0,78228296.7151685,0.00782282967151685
20220303,0.0344689047876528,7,0.014199999999999999,367.06,24.89,22032,380,352.5,0.37,0.91,157396,68457,108.97400969868686,34871683.1035798,2732784.2336999886,0,37604467.33727978,0.0037604467337279783
20220310,0.04009139387716146,7,0.014499999999999999,358.01,28.95,22033,372.5,342.5,0.18,1.16,2185,786,111.72872266137817,37429122.09156168,2791230.290115873,0,40220352.38167755,0.004022035238167756
20220317,0.03287632782880182,7,0.0141,361.46,23.74,22034,375,347.5,0.21,0.7,4539,1551,110.66231394898467,25175676.423394013,2710917.3678438053,0,27886593.79123782,0.002788659379123782
20220324,0.027156899272232683,7,0.0144,363.38,19.61,22035,375,352.5,0.13,0.71,3065,1924,110.07760471132148,23116296.98937751,2768027.7335247374,0,25884324.722902246,0.0025884324722902246
20220331,0.024761109586309043,7,0.0144,365.61,17.88,22041,375,355,0.22,0.47,2398,1771,109.40619786110882,18872569.13104127,2766855.7670367365,0,21639424.898078006,0.0021639424898078005
20220407,0.02325162359922421,7,0.014499999999999999,355.73,16.79,22042,365,345,0.45,0.52,160383,134514,112.44483175442048,27267871.700446963,2788404.6273358776,0,30056276.32778284,0.003005627632778284
20220414,0.023570138990994402,7,0.014499999999999999,357.38,17.02,22043,367.5,347.5,0.17,0.46,4897,2901,111.92568134758521,17628294.812244672,2785724.0326669663,0,20414018.84491164,0.002041401884491164
20220421,0.0240132908404138,7,0.0143,359.02,17.34,22044,370,350,0.13,0.54,4217,4368,111.41440588268064,18661912.985349007,2747583.719150229,0,21409496.704499237,0.0021409496704499235
20220428,0.02818103121867518,6,0.0151,350.16,21.98,22051,362.5,340,0.12,0.69,3493,5258,114.2334932602239,23132282.385195337,2487933.656942736,0,25620216.042138074,0.0025620216042138073
20220504,0.029979445013003016,8,0.015300000000000001,353.85,20.25,22052,365,342.5,0.39,0.99,139984,85727,113.04224954076585,38999576.091564216,3366502.8715441306,128868164.47647312,-86502085.51336478,-0.008650208551336478
20220512,0.02922032507109177,7,0.0154,337.94,21.1,22053,350,327.5,0.41,1.19,9500,4437,118.36420666390484,47345682.66556193,2967407.848195473,0,50313090.5137574,0.00503130905137574
20220519,0.02548123134161557,7,0.015500000000000002,343.24,18.4,22054,352.5,332.5,0.65,0.98,6068,2931,116.53653420347278,47488637.68791516,2986719.2251757234,0,50475356.913090885,0.005047535691309089
20220526,0.027544657140474656,7,0.0158,344.26,19.89,22061,355,332.5,0.31,0.48,8848,3408,116.19125079881485,22947772.032765932,3037090.4755803403,0,25984862.508346274,0.0025984862508346275
20220602,0.023902502878058954,7,0.0163,350.51,17.26,22062,360,340,0.25,0.5,149585,122940,114.11942597928733,21397392.371116374,3132716.280738478,0,24530108.65185485,0.002453010865185485
20220609,0.023680926953349255,7,0.0172,346.62,17.1,22063,355,337.5,0.29,0.83,7430,4921,115.40015002019503,32312042.005654603,3309288.6845410434,439963071.9519935,-404341741.2617979,-0.04043417412617979
20220616,0.03361029807940272,7,0.0171,322.25,24.27,22064,335,310,0.31,1.05,7682,6891,124.12723041117145,42203258.339798294,3293292.411022668,141194724.59270787,-95698173.84188691,-0.00956981738418869
20220623,0.03550754193472952,7,0.0182,305.45,25.64,22065,317.5,292.5,0.55,1.03,8022,4303,130.95432967752498,51726960.222622365,3508465.793787294,0,55235426.01640966,0.0055235426016409656
20220630,0.031103720431124224,7,0.018500000000000003,307.2,22.46,22071,317.5,297.5,0.62,1.15,4676,3795,130.20833333333334,57617187.50000001,3568387.467893836,0,61185574.96789385,0.006118557496789385
20220707,0.03416423789117696,7,0.0194,308.31,24.67,22072,320,297.5,0.41,0.75,248656,110384,129.73954785767572,37624468.87872595,3734546.3092430984,0,41359015.18796905,0.004135901518796905
20220714,0.032266994035850156,7,0.0197,305.35,23.3,22073,317.5,295,0.38,0.85,6042,9176,130.99721630915343,40281644.01506468,3793300.9279717184,71393482.88848884,-27318537.945452444,-0.0027318537945452445
20220721,0.02812629394283762,7,0.0204,319.68,20.31,22074,330,310,0.33,0.89,6857,7519,125.12512512512512,38163163.16316316,3927259.451232054,0,42090422.614395216,0.004209042261439522
20220728,0.026852232375756842,7,0.0216,321.62,19.39,22081,332.5,312.5,0.2,0.45,5000,3648,124.37037497668055,20210185.93371059,4150837.7537347316,0,24361023.68744532,0.002436102368744532
20220804,0.02555047381808735,7,0.0223,325.47,18.45,22082,335,315,0.19,0.4,116486,137174,122.899191937813,18127630.81082742,4284464.994985124,0,22412095.805812545,0.0022412095805812546
20220811,0.023791714915704105,7,0.023,329.92,17.18,22083,340,320,0.09,0.25,4390,5039,121.2415130940834,10305528.612997089,4415504.630429295,0,14721033.243426383,0.0014721033243426382
20220818,0.021479016201546602,7,0.023799999999999998,328.8,15.51,22084,337.5,320,0.13,0.4,8271,7812,121.65450121654501,16119221.411192214,4571740.992567409,0,20690962.40375962,0.002069096240375962
20220825,0.02420716977453479,7,0.024300000000000002,323.63,17.48,22091,332.5,315,0.2,0.35,8487,6301,123.59793591447023,16994716.188239656,4668193.975955122,0,21662910.164194778,0.0021662910164194776
20220901,0.023971745354530737,7,0.024700000000000003,315.02,17.31,22092,325,305,0.27,0.78,229721,174161,126.97606501174529,33331217.06558314,4752775.253234629,0,38083992.318817765,0.0038083992318817764
20220908,0.02748926315929723,7,0.0257,309.12,19.85,22093,320,300,0.17,0.65,7939,5910,129.39958592132504,26526915.113871634,4941841.621997221,0,31468756.735868856,0.0031468756735868854
20220915,0.025938231686329326,7,0.0257,310.63,18.73,22094,320,302.5,0.32,0.68,9053,6762,128.77056304928695,32192640.762321737,4944634.126227786,27363744.647974208,9773530.240575314,9.773530240575314e-4
20220922,0.02880487021226108,7,0.0265,301.65,20.8,22095,312.5,292.5,0.16,0.88,8642,5420,132.60401127134097,34477042.930548646,5099713.675242785,326537377.7556779,-286960621.1498864,-0.02869606211498864
20220929,0.03682314898769337,7,0.027000000000000003,282.65,26.59,22101,295,270,0.39,0.55,11140,8290,141.51777817088274,33256677.870157447,5195302.772924548,0,38451980.64308199,0.003845198064308199
20221006,0.03373493453705192,7,0.0278,291.26,24.36,22102,302.5,280,0.31,0.46,182573,157894,137.33434045182997,26436860.536977272,5345601.679617797,0,31782462.21659507,0.0031782462216595067
20221013,0.03419193488176568,7,0.029300000000000003,282.57,24.69,22103,292.5,272.5,1.08,1.62,6351,8256,141.55784407403476,95551544.74997348,5672870.196789644,0,101224414.94676311,0.010122441494676311
20221020,0.03214235757820095,7,0.029900000000000003,288.61,23.21,22104,300,277.5,0.26,0.69,10549,7101,138.59533626693462,32916392.363396972,5753121.646360711,0,38669514.00975768,0.003866951400975768
20221027,0.03243317597938243,7,0.0316,298.82,23.42,22111,310,287.5,0.28,0.49,6740,4529,133.85984873837094,25768020.88213641,6075890.099230491,0,31843910.9813669,0.0031843910981366897
20221103,0.029261870556974837,7,0.0329,301.66,21.13,22112,312.5,292.5,0.33,0.71,221276,155018,132.59961546111515,34475900.01988994,6331341.917190632,0,40807241.93708058,0.004080724193708057
20221110,0.027835475541656142,7,0.0333,311.13,20.1,22113,320,300,0.94,0.77,9492,11322,128.56362292289396,54960948.79953717,6421401.08812376,0,61382349.88766093,0.006138234988766093
20221117,0.027516960149885947,7,0.034100000000000005,316.75,19.87,22114,327.5,307.5,0.64,0.49,8838,5555,126.28255722178375,35674822.415153906,6563056.383864377,0,42237878.79901828,0.004223787879901828
20221124,0.02481650356748647,7,0.0357,317.3,17.92,22121,327.5,307.5,0.15,0.17,7445,11103,126.06366214938544,10085092.971950836,6853480.177352577,0,16938573.149303414,0.0016938573149303414
20221201,0.02462262463336548,7,0.0364,322.02,17.78,22122,330,312.5,0.55,0.33,297392,102019,124.21588721197442,27327495.186634377,6999898.755543985,132289919.88075247,-97962525.9385741,-0.009796252593857411
20221208,0.02555047381808735,7,0.0378,308.24,18.45,22123,317.5,300,0.74,0.73,8900,6391,129.76901116013497,47690111.6013496,7283887.132958129,0,54973998.73430773,0.005497399873430773
20221215,0.02391635137335331,7,0.0382,307.73,17.27,22124,317.5,300,0.23,0.45,5990,6934,129.98407695057355,22097293.081597507,7342215.934712381,0,29439509.016309887,0.002943950901630989
20221222,0.02440104870865578,7,0.039700000000000006,307.48,17.62,22125,315,297.5,0.08,0.56,5623,4874,130.08976193573565,20814361.909717705,7629546.058012907,208143619.0971763,-179699711.1294457,-0.01796997111294457
20221229,0.024276412251006577,7,0.0395,291.1,17.53,23011,300,282.5,0.34,0.27,5179,5839,137.40982480247337,20954998.282377195,7591216.594589253,0,28546214.876966447,0.0028546214876966447
20230105,0.025162715949845378,7,0.0405,297.87,18.17,23012,307.5,290,0.2,0.64,173437,172857,134.28676939604526,28200221.573169507,7789026.747441079,107429415.51683584,-71440167.19622526,-0.007144016719622525
20230112,0.0248995945392526,7,0.0408,310.7,17.98,23013,320,302.5,1.01,0.65,9106,6065,128.7415513356936,53427743.80431285,7866462.914056198,0,61294206.718369044,0.006129420671836905
20230119,0.02326547209451857,7,0.0392,313.81,16.8,23014,322.5,305,0.21,0.29,7088,6802,127.46566393677703,15933207.99209713,7529786.499378169,97829897.07147615,-74366902.58000085,-0.007436690258000085
20230126,0.02332086607569599,7,0.0391,325.57,16.84,23021,335,317.5,0.36,0.53,6715,4306,122.86144300764813,27336671.06920171,7519128.895538743,0,34855799.964740455,0.0034855799964740456
20230202,0.02429026074630093,7,0.039,323.93,17.54,23022,332.5,315,0.69,0.58,205784,196555,123.48346865063439,39206001.29657642,7508775.995490314,0,46714777.29206673,0.004671477729206673
20230209,0.024234866765123507,7,0.0384,324.9,17.5,23023,335,315,0.53,0.55,7724,8231,123.11480455524777,33240997.2299169,7388863.507001101,0,40629860.736918,0.0040629860736918
20230216,0.025176564445139733,7,0.0385,324.1,18.18,23024,332.5,315,0.63,0.61,7704,6910,123.4186979327368,38259796.35914841,7411811.000325453,0,45671607.35947387,0.004567160735947387
20230223,0.027087656795760903,7,0.0405,319.44,19.56,23031,330,310,0.32,0.46,7983,6249,125.2191334835963,24417731.02930128,7786088.840402211,0,32203819.86970349,0.0032203819869703492
20230302,0.025661261780442205,7,0.0382,316.26,18.53,23032,325,307.5,0.33,0.76,183262,112693,126.47821412761652,34465313.34977551,7351276.780245836,0,41816590.13002134,0.004181659013002134
20230309,0.023833260401587175,7,0.0383,314.04,17.21,23033,322.5,305,0.34,0.51,6269,6118,127.37230925996687,27066615.71774296,7365086.464860073,0,34431702.18260303,0.0034431702182603032
20230316,0.025965928676918038,7,0.038,308.39,18.75,23034,317.5,300,0.57,0.99,7039,6959,129.70589189013913,50585297.83715426,7324536.1348621445,0,57909833.97201641,0.005790983397201641
20230323,0.02532889789337765,7,0.038,315.75,18.29,23035,325,307.5,0.17,0.83,7644,5700,126.6825019794141,31670625.494853526,7310751.743511317,0,38981377.238364846,0.0038981377238364845
20230330,0.022365319900385403,7,0.037700000000000004,318.05,16.15,23041,327.5,310,0.16,0.3,6913,5452,125.76638893255777,14463134.727244142,7240594.0308342995,0,21703728.75807844,0.002170372875807844
20230406,0.021271288772131258,7,0.0373,317.82,15.36,23042,325,310,0.52,0.41,179254,118336,125.85740356176453,29261846.32811025,7174356.898839094,254546598.70366797,-218110395.4767186,-0.02181103954767186
20230413,0.02190831955567165,7,0.037200000000000004,333.09,15.82,23043,342.5,325,0.22,0.47,9024,9987,120.08766399471615,20715122.039088536,7149025.254188985,0,27864147.29327752,0.002786414729327752
20230420,0.020578864007413444,7,0.037200000000000004,332.66,14.86,23044,340,325,0.36,0.3,5542,7601,120.24289063909096,19840076.955450006,7148400.975449861,0,26988477.930899866,0.002698847793089987
20230427,0.020897379399183638,7,0.0366,325.09,15.09,23051,332.5,317.5,0.27,0.34,7953,4803,123.04284967239842,18764034.57504076,7032348.892214043,0,25796383.467254803,0.0025796383467254803
20230504,0.020897379399183638,7,0.0368,326.17,15.09,23052,335,317.5,0.13,0.41,132574,117880,122.63543550909034,16555783.793727197,7069218.547685655,0,23625002.34141285,0.002362500234141285
20230511,0.020454227549764236,7,0.0368,325.28,14.77,23053,332.5,317.5,0.23,0.35,12611,5137,122.97097884899165,17830791.93310379,7070118.3890464865,0,24900910.322150275,0.0024900910322150274
20230518,0.0187231656379697,7,0.037000000000000005,329.84,13.52,23054,337.5,322.5,0.15,0.29,9936,7990,121.2709192335678,13339801.115692455,7105356.1876409985,0,20445157.303333454,0.0020445157303333452
20230525,0.020592712502707798,7,0.0369,335.35,14.87,23061,342.5,327.5,0.39,0.31,9158,6507,119.27836588638735,20873714.030117784,7091484.0557095315,0,27965198.085827313,0.0027965198085827315
20230601,0.020495773035647303,7,0.0368,338.08,14.8,23062,347.5,330,0.13,0.25,113132,104744,118.31519167061052,11239943.208708,7065466.874987844,0,18305410.083695844,0.0018305410083695843
20230608,0.018986287048562474,7,0.0368,342.75,13.71,23063,350,335,0.28,0.29,12421,10367,116.70313639679067,16630196.936542671,7069271.065016036,0,23699468.001558706,0.0023699468001558708
20230615,0.01876471112385277,7,0.0368,343.19,13.55,23064,350,335,0.36,0.21,13681,9258,116.55351263148694,16608875.549986888,7069256.017374457,0,23678131.567361344,0.0023678131567361344
20230622,0.018501589713260002,7,0.0371,341.12,13.36,23065,347.5,332.5,0.18,0.23,9868,8214,117.26078799249531,12019230.76923077,7123620.258166491,0,19142851.02739726,0.001914285102739726
20230629,0.01814152883560674,7,0.037200000000000004,336.39,13.1,23071,342.5,330,0.44,0.27,9050,7779,118.90959897737746,21106453.818484496,7149304.439929683,0,28255758.25841418,0.0028255758258414177
20230706,0.017130588679118725,7,0.0373,336.2,12.37,23072,342.5,330,0.42,0.48,247050,169747,118.97679952409281,26769779.89292088,7172574.217890525,0,33942354.110811405,0.0033942354110811407
20230713,0.01905552952503425,7,0.0376,341.13,13.76,23073,350,332.5,0.19,0.13,14512,9902,117.25735057016387,9380588.04561311,7217723.207598919,0,16598311.25321203,0.001659831125321203
20230720,0.017878407425013967,7,0.0375,341.67,12.91,23074,350,335,0.18,0.37,7070,12017,117.07202856557497,16097403.92776656,7203357.722002846,0,23300761.649769407,0.0023300761649769405
20230727,0.020121863662699684,7,0.0373,344.76,14.53,23081,352.5,337.5,0.35,0.44,10117,6661,116.0227404571296,22914491.240283098,7169816.366199556,0,30084307.606482655,0.0030084307606482656
20230803,0.021271288772131258,7,0.037200000000000004,341.54,15.36,23082,350,332.5,0.44,0.59,246669,140908,117.11658956491186,30157521.812964804,7155761.695013964,0,37313283.50797877,0.0037313283507978768
20230810,0.01959562084151415,7,0.037000000000000005,340.46,14.15,23083,347.5,332.5,0.24,0.46,9584,5521,117.48810432943665,20560418.257651415,7110479.858434884,66674499.20695477,-39003601.09086847,-0.0039003601090868475
20230817,0.02098047037094978,7,0.037200000000000004,330.23,15.15,23084,337.5,322.5,0.46,0.49,9666,4459,121.12769887654059,28767828.48317839,7154770.253526081,0,35922598.73670447,0.0035922598736704467
20230824,0.020731197455651364,7,0.0373,333.82,14.97,23085,342.5,325,0.18,0.31,5526,4068,119.82505541908813,14678569.288838295,7163924.861483055,0,21842494.15032135,0.002184249415032135
20230831,0.018072286359134958,7,0.0374,334.75,13.05,23091,342.5,327.5,0.19,0.29,8718,3755,119.49215832710978,14339058.999253172,7182887.577112341,0,21521946.576365516,0.0021521946576365516
20230907,0.017255225136767936,7,0.0374,336.74,12.46,23092,345,330,0.13,0.48,161688,143214,118.78600700837441,18114866.068777096,7185595.813525495,0,25300461.88230259,0.002530046188230259
20230914,0.01750449805206635,7,0.0373,341.19,12.64,23093,347.5,335,0.26,0.47,12509,5398,117.23673026759283,21395703.273835693,7168729.912670681,57445997.83111989,-28881564.644613512,-0.002888156464461351
20230921,0.016706043529542202,6,0.0376,333.04,13.03,23094,340,325,0.26,0.41,5126,5447,120.10569300984866,20117703.57914965,6193256.312130016,0,26310959.891279664,0.0026310959891279666
20230927,0.021822075036625407,8,0.0381,326.71,14.74,23101,335,317.5,0.29,0.25,6630,6006,122.43273851427873,16528419.69942763,8364487.294039414,0,24892906.993467044,0.0024892906993467046
20231005,0.02505192798749052,7,0.0381,318.58,18.09,23102,327.5,310,0.23,0.5,170571,145154,125.55715989704314,22914181.681210373,7323592.362340764,42375541.46525277,-12137767.421701636,-0.0012137767421701636
20231012,0.023182381122752425,7,0.0386,328.85,16.74,23103,337.5,320,0.35,0.47,4967,7529,121.63600425726014,24935380.872738328,7421198.739484421,0,32356579.61222275,0.003235657961222275
20231019,0.022157592470970062,7,0.0382,322.76,16,23104,330,315,0.58,0.85,2692,3067,123.93109431156277,44305366.21638369,7358485.629934962,224625108.43970752,-172961256.59338886,-0.017296125659338885
20231026,0.02570280726632527,7,0.038,307.75,18.56,23111,317.5,297.5,0.68,0.85,3020,1239,129.97562956945572,49715678.31031681,7323902.384741216,0,57039580.695058025,0.0057039580695058024
20231102,0.026021322658095467,7,0.0382,315.16,18.79,23112,325,305,0.24,0.37,189895,147671,126.91965985531158,19355248.12793502,7340207.105066877,9201675.339510739,17493779.893491156,0.0017493779893491157
20231109,0.02431795773688964,7,0.0383,325.29,17.56,23113,335,315,0.47,0.44,6275,4351,122.96719849980018,27975037.658704538,7365753.719441914,0,35340791.378146455,0.0035340791378146454
20231116,0.023874805887470235,7,0.0385,334.31,17.24,23114,342.5,325,0.52,0.62,1234,945,119.64942717836739,34100086.74583471,7408739.653090418,0,41508826.398925126,0.004150882639892513
20231123,0.021991410527437787,7,0.0393,336.91,15.88,23115,345,327.5,0.34,0.25,1013,752,118.72606927666142,17512095.218307562,7550185.14354673,0,25062280.361854292,0.0025062280361854293
20231130,0.020218803129760182,7,0.0395,338.43,14.6,23121,347.5,330,0.32,0.32,7291,2633,118.19283160476317,18910853.056762107,7589668.084575877,0,26500521.141337983,0.0026500521141337983
20231207,0.020163409148582757,7,0.039700000000000006,332.67,14.56,23122,340,325,0.55,0.66,161208,125843,120.23927615955752,36372381.038266145,7641391.464905573,39979559.3230524,4034213.1801193208,4.0342131801193205e-4
20231214,0.019803348270929493,7,0.0398,341.33,14.3,23123,350,332.5,0.27,0.33,4753,5319,117.18864442035567,17578296.663053356,7646294.00945295,0,25224590.672506306,0.0025224590672506307
20231221,0.020468076045058594,7,0.0404,348.78,14.78,23124,357.5,340,0.17,0.57,3839,2533,114.68547508458055,21216812.8906474,7764383.875850616,14048970.697861377,14932226.068636637,0.0014932226068636637
20231228,0.02291925971215966,7,0.0402,357.99,16.55,24011,367.5,347.5,0.72,0.33,1681,2148,111.73496466381742,29330428.224252075,7732201.595896725,0,37062629.820148796,0.0037062629820148797
20240104,0.025315049398083298,7,0.0401,348.07,18.28,24012,357.5,337.5,0.92,0.6,152396,134248,114.91941276180079,43669376.8494843,7723994.5043332875,0,51393371.35381759,0.005139337135381759
20240111,0.02325162359922421,7,0.0405,340.28,16.79,24013,350,330,0.75,0.41,6455,3475,117.55025273304338,34089573.29258258,7793601.079529993,84342306.33595876,-42459131.96384619,-0.004245913196384619
20240118,0.026741444413401993,7,0.0392,327.13,19.31,24014,337.5,317.5,0.45,0.51,1486,1077,122.27554794729924,29346131.507351816,7539870.078042786,0,36886001.5853946,0.00368860015853946
20240125,0.023639381467466185,7,0.038900000000000004,333.8,17.07,24021,342.5,325,0.6,0.51,1115,982,119.83223487118035,33253445.17675254,7485081.95375789,0,40738527.130510435,0.004073852713051044
20240201,0.023570138990994402,7,0.038900000000000004,342.41,17.02,24022,352.5,332.5,0.34,0.62,185854,107855,116.81901813615255,28036564.35267661,7481190.017734888,23071756.08189073,12445998.288520772,0.0012445998288520771
20240208,0.02440104870865578,7,0.038700000000000005,353.29,17.62,24023,362.5,342.5,0.65,0.54,611,423,113.2214328172323,33683376.263126604,7446917.333232003,0,41130293.596358605,0.004113029359635861
20240215,0.0248995945392526,7,0.038700000000000005,351.21,17.98,24024,360,340,0.78,0.31,169,207,113.89197346317019,31035562.768713877,7444952.147819301,0,38480514.91653318,0.003848051491653318
20240222,0.025619716294559135,7,0.038900000000000004,357.67,18.5,24025,367.5,347.5,0.69,0.68,120,81,111.83493164089803,38303464.087007575,7488849.4062216235,0,45792313.493229195,0.004579231349322919
20240229,0.02330701758040163,7,0.039,355.57,16.83,24031,365,345,0.4,0.37,633,818,112.4954298731614,21655370.25058357,7495649.0851463275,0,29151019.335729897,0.0029151019335729896
20240307,0.023888654382764597,7,0.039,356.82,17.25,24032,367.5,347.5,0.46,0.6,101547,71889,112.10133961100836,29706854.996917214,7501671.154559339,0,37208526.151476555,0.0037208526151476557
20240314,0.023445502533345194,7,0.0381,366.68,16.93,24033,377.5,357.5,0.36,0.54,985,1379,109.08694229300752,24544562.015926693,7324783.6566839665,0,31869345.67261066,0.003186934567261066
20240321,0.023431654038050843,7,0.0382,373.66,16.92,24034,382.5,362.5,0.74,0.56,381,1616,107.04918910239255,34790986.45827758,7351515.369257378,0,42142501.82753496,0.004214250182753496
20240328,0.023736320934526677,7,0.0375,373.22,17.14,24041,382.5,362.5,0.52,0.34,279,461,107.17539252987514,23042709.393923156,7208352.633468232,0,30251062.02739139,0.003025106202739139
20240404,0.024414897203950136,7,0.0374,375.61,17.63,24042,385,365,0.69,0.5,148460,85520,106.4934373419238,31681797.60922233,7195326.834559162,0,38877124.443781495,0.0038877124443781495
20240411,0.02505192798749052,7,0.0374,370.72,18.09,24043,382.5,360,0.46,0.84,2362,2413,107.89814415192058,35066896.84937419,7197754.831767579,25356063.87570127,16908587.8054405,0.0016908587805440501
20240418,0.02772468757930129,7,0.0371,359.06,20.02,24044,370,347.5,0.58,0.76,1700,139,111.4019940956943,37319668.02205759,7141621.692562544,0,44461289.714620136,0.004446128971462014
20240425,0.024954988520430033,7,0.0369,356.51,18.02,24051,367.5,347.5,0.62,0.68,166,154,112.19881630248801,36464615.29830861,7102517.288031653,0,43567132.58634026,0.004356713258634026
20240502,0.025121170463962308,7,0.0368,364.31,18.14,24052,375,355,0.43,0.65,111426,89785,109.79660179517444,29645082.4846971,7078456.365063174,0,36723538.84976027,0.003672353884976027
20240509,0.022794623254510454,7,0.037000000000000005,368.83,16.46,24053,377.5,360,0.67,0.47,1020,1332,108.45104790825042,30908548.65385137,7117822.778359857,0,38026371.43221123,0.0038026371432211227
20240516,0.02316853262745807,7,0.0365,374.6,16.73,24054,385,365,0.37,0.42,453,441,106.78056593699947,21089161.772557396,7014762.41324079,0,28103924.185798187,0.0028103924185798185
20240523,0.02175598610743373,7,0.037000000000000005,371.62,15.71,24055,380,362.5,0.5,0.33,529,867,107.6368333243636,22334642.914805446,7111738.828808041,102254991.65814571,-72808609.91453221,-0.007280860991453222
20240530,0.02007802315215893,6,0.0365,358.7,15.66,24061,367.5,350,0.68,0.48,326,294,111.5137998327293,32339001.951491505,6019403.401170895,0,38358405.3526624,0.00383584053526624
20240605,0.024634961235376306,8,0.0364,366.44,16.64,24062,377.5,355,0.67,0.6,117356,90354,109.15838882218098,34657788.451042466,8005732.460265598,0,42663520.911308065,0.004266352091130806
20240613,0.02409638181217994,7,0.0364,374.75,17.4,24063,385,365,0.35,0.48,229,995,106.7378252168112,22148098.732488327,6996283.111115173,0,29144381.8436035,0.00291443818436035
20240620,0.02261459281568382,7,0.0366,384.78,16.33,24064,395,375,0.36,0.56,1035,244,103.95550704298562,23909766.619886693,7035960.773172644,0,30945727.393059336,0.0030945727393059336
20240627,0.023182381122752425,7,0.0364,382.27,16.74,24071,392.5,372.5,0.36,0.61,631,50,104.6380830303189,25374735.134852335,6998535.568527014,0,32373270.703379348,0.0032373270703379346
20240704,0.021534410182724027,7,0.0366,388.53,15.55,24072,397.5,380,1.13,0.8,94933,69679,102.95215298689935,49674413.81617893,7054045.437862205,26252799.011658866,30475660.24238227,0.003047566024238227
20240711,0.022268380433324908,7,0.0365,398.52,16.08,24073,407.5,387.5,0.58,0.43,564,1845,100.37137408411121,25343771.95623808,7017740.640369366,0,32361512.596607447,0.0032361512596607448
20240718,0.022891562721570943,7,0.0363,389,16.53,24074,400,380,0.36,0.77,670,632,102.82776349614396,29048843.187660664,6981866.605627355,224678663.2390748,-188647953.44578677,-0.018864795344578678
20240725,0.024124078802768657,7,0.0361,371.26,17.42,24081,382.5,360,0.72,0.6,192,170,107.74120562409094,35554597.855950005,6947903.142132051,0,42502500.99808206,0.004250250099808206
20240801,0.02424871526041786,7,0.036000000000000004,380.54,17.51,24082,390,370,0.8,0.58,119769,82536,105.11378567299101,36264256.057181895,6929146.82883948,612287801.5451729,-569094398.6591516,-0.05690943986591516
20240808,0.03868160654537899,6,0.0359,346.7,30.17,24083,362.5,332.5,0.61,1.77,116,11,115.37352177675224,68647245.45716758,5941881.141565682,0,74589126.59873326,0.007458912659873326
20240814,0.034998226178142786,8,0.0358,360.39,23.64,24084,375,347.5,0.29,1,260,54,110.99087100086018,35794555.89777741,7874661.8104359545,0,43669217.70821336,0.004366921770821336
20240822,0.029331113033446616,7,0.0357,369.1,21.18,24085,380,357.5,0.56,1,12,161,108.37171498238959,42264968.84313194,6875512.3718189,0,49140481.21495084,0.004914048121495084
20240829,0.026838383880462488,7,0.0356,360.1,19.38,24091,370,350,1.1,0.79,214,205,111.08025548458761,52485420.71646765,6863231.142034366,113301860.59427892,-53953208.7357769,-0.0053953208735776905
20240905,0.036061481746503775,7,0.0354,345.92,26.04,24092,360,332.5,0.66,1.89,88010,46478,115.63367252543941,73716466.23496762,6839087.507761712,0,80555553.74272934,0.008055555374272933
20240912,0.04712086005215519,14,0.0355,343.85,24.06,24102,362.5,327.5,1.12,2.55,5016,2331,116.32979496873637,106732586.88381562,13761770.125154126,0,120494357.00896974,0.012049435700896973
20240926,0.030655525770633466,6,0.0356,356.44,23.91,24101,367.5,345,1.3,1.27,52,44,112.2208506340478,72101896.53237572,5894249.2194501795,120076310.1784304,-42080164.426604494,-0.004208016442660449
20241002,0.03766306573485416,8,0.0355,340.72,25.44,24102,355,327.5,0.85,1.21,133312,66990,117.3984503404555,60460201.92533458,7827864.924237795,0,68288066.84957238,0.006828806684957237
20241010,0.03547984494414081,7,0.0355,345.21,25.62,24103,357.5,332.5,0.41,0.58,729,141,115.87149850815446,28678195.88076823,6827743.922401016,0,35505939.80316924,0.0035505939803169243
20241017,0.029981992312281363,7,0.0353,347.73,21.65,24104,360,335,0.34,0.33,586,366,115.03177752854225,19267822.736030824,6782907.065748146,0,26050729.801778972,0.002605072980177897
20241024,0.029829658864043443,7,0.0349,342.88,21.54,24105,355,332.5,0.31,0.57,155,282,116.65888940737284,25664955.669622023,6710328.626493393,0,32375284.296115417,0.0032375284296115416
20241031,0.0298435073593378,7,0.0344,339.32,21.55,24111,350,327.5,1.11,1.17,133,47,117.88282447247437,67193209.9493104,6641589.383440531,0,73834799.33275093,0.007383479933275093
20241107,0.02869408224990623,7,0.0342,340.87,20.72,24112,352.5,330,0.33,0.66,75861,60086,117.34678909848328,29043330.30187461,6577953.351436352,360841376.47783643,-325220092.8245255,-0.032522009282452545
20241114,0.034427359301769725,7,0.034,317.7,24.86,24113,330,305,0.43,0.74,329,165,125.90494176896443,36827195.46742209,6544561.294578759,0,43371756.76200085,0.004337175676200085
20241121,0.02760005112165208,7,0.0344,329.49,19.93,24114,340,320,0.37,0.53,115,201,121.39973899056116,27314941.272876263,6615280.651667147,0,33930221.92454341,0.003393022192454341
20241128,0.025204261435728445,7,0.034,331.45,18.2,24121,340,322.5,0.34,0.43,288,201,120.68185246643536,23231256.599788807,6535695.997454109,0,29766952.597242914,0.0029766952597242912
20241205,0.029552688958156322,7,0.034100000000000005,323.87,21.34,24122,335,312.5,0.44,0.91,65452,51417,123.50634513848149,41683391.48423751,6566985.823417227,0,48250377.30765473,0.004825037730765473
20241212,0.028527900306373956,7,0.0335,329.04,20.6,24123,340,317.5,0.42,0.78,190,196,121.56576707999027,36469730.123997085,6448088.086887882,0,42917818.210884966,0.004291781821088496
20241219,0.024871897548663896,7,0.0334,322.38,17.96,24124,332.5,312.5,0.29,0.74,343,137,124.07717600347416,31949872.8208946,6425944.877439794,NA,6425944.877439794,6.425944877439794e-4
